Date,Baclaran,Banay-Banay,Banlic,Barangay Dos,Barangay Tres,Barangay Uno,Bigaa,Butong,Casile,Diezmo,Gulod,Mamatid,Marinig,Niugan,Pittland,Pulo,Sala,San Isidro,Total_Cabuyao
2020-05-31,14601,34049,20644,1596,4218,3706,13629,14758,3637,6619,17293,60984,45660,38298,6040,35236,10970,23375,355313
2020-06-30,14597,33839,20642,1620,4163,3723,13594,14753,3655,6616,17373,60883,45981,38023,6028,35359,11038,23426,355313
2020-07-31,14593,33630,20640,1645,4108,3740,13560,14748,3674,6614,17453,60782,46303,37749,6016,35484,11106,23477,355322
2020-08-31,14589,33423,20638,1670,4055,3757,13525,14743,3693,6611,17533,60682,46628,37478,6004,35608,11175,23529,355341
2020-09-30,14585,33218,20636,1695,4002,3773,13490,14737,3711,6609,17613,60581,46954,37208,5992,35733,11244,23580,355361
2020-10-31,14581,33013,20634,1720,3950,3790,13456,14732,3730,6606,17694,60481,47284,36941,5981,35859,11313,23632,355397
2020-11-30,14576,32810,20632,1746,3898,3808,13421,14727,3749,6604,17775,60381,47615,36675,5969,35984,11383,23684,355437
2020-12-31,14572,32608,20630,1773,3847,3825,13387,14722,3768,6601,17857,60282,47949,36411,5957,36111,11454,23736,355490
2021-01-31,14568,32407,20628,1799,3797,3842,13352,14717,3787,6598,17939,60182,48285,36149,5945,36238,11525,23788,355546
2021-02-28,14564,32207,20626,1826,3747,3859,13318,14711,3806,6596,18021,60083,48624,35889,5934,36365,11596,23840,355612
2021-03-31,14560,32009,20624,1854,3698,3877,13284,14706,3826,6593,18104,59983,48965,35631,5922,36492,11668,23892,355688
2021-04-30,14556,31812,20622,1882,3650,3894,13250,14701,3845,6591,18187,59884,49308,35375,5911,36620,11740,23944,355772
2021-05-31,14551,31616,20620,1910,3603,3912,13216,14696,3865,6588,18270,59785,49653,35121,5899,36749,11813,23997,355864
2021-06-30,14547,31421,20618,1939,3555,3929,13182,14691,3884,6586,18354,59686,50002,34868,5887,36878,11886,24049,355962
2021-07-31,14543,31228,20616,1968,3509,3947,13148,14685,3904,6583,18438,59588,50352,34617,5876,37008,11959,24102,356071
2021-08-31,14539,31036,20614,1998,3463,3965,13114,14680,3924,6581,18523,59489,50705,34368,5864,37137,12033,24155,356188
2021-09-30,14535,30844,20612,2028,3418,3983,13081,14675,3944,6578,18608,59391,51061,34121,5853,37268,12108,24208,356316
2021-10-31,14531,30654,20611,2059,3373,4001,13047,14670,3964,6575,18693,59293,51419,33876,5841,37399,12183,24261,356450
2021-11-30,14526,30466,20609,2090,3329,4019,13014,14665,3984,6573,18779,59195,51779,33632,5830,37530,12258,24314,356592
2021-12-31,14522,30278,20607,2121,3286,4037,12980,14659,4004,6570,18865,59097,52142,33390,5818,37662,12334,24367,356739
2022-01-31,14518,30092,20605,2153,3243,4055,12947,14654,4024,6568,18952,58999,52508,33150,5807,37794,12410,24421,356900
2022-02-28,14514,29906,20603,2186,3201,4073,12914,14649,4045,6565,19039,58902,52876,32912,5796,37927,12487,24474,357069
2022-03-31,14510,29722,20601,2219,3159,4092,12881,14644,4065,6563,19126,58805,53247,32675,5784,38060,12564,24528,357245
2022-04-30,14506,29539,20599,2252,3118,4110,12848,14639,4086,6560,19214,58707,53620,32440,5773,38193,12642,24582,357428
2022-05-31,14502,29357,20597,2286,3077,4129,12815,14633,4107,6558,19302,58610,53996,32207,5762,38327,12720,24636,357621
2022-06-30,14497,29176,20595,2321,3037,4147,12782,14628,4127,6555,19391,58514,54374,31975,5750,38462,12799,24690,357820
2022-07-31,14493,28997,20593,2356,2997,4166,12749,14623,4148,6553,19479,58417,54756,31745,5739,38597,12878,24744,358030
2022-08-31,14489,28818,20591,2391,2958,4185,12716,14618,4169,6550,19569,58320,55139,31517,5728,38732,12958,24798,358246
2022-09-30,14485,28641,20589,2427,2919,4204,12684,14613,4191,6548,19659,58224,55526,31290,5716,38868,13038,24852,358474
2022-10-31,14481,28464,20587,2464,2881,4223,12651,14608,4212,6545,19749,58128,55915,31065,5705,39005,13118,24907,358708
2022-11-30,14477,28289,20585,2501,2844,4242,12619,14602,4233,6542,19839,58032,56307,30842,5694,39142,13200,24961,358951
2022-12-31,14473,28115,20583,2539,2807,4261,12586,14597,4255,6540,19931,57936,56702,30620,5683,39279,13281,25016,359204
2023-01-31,14469,27942,20581,2577,2770,4280,12554,14592,4276,6537,20022,57840,57100,30400,5672,39417,13363,25071,359463
2023-02-28,14464,27770,20579,2616,2734,4300,12522,14587,4298,6535,20114,57744,57500,30181,5661,39555,13446,25126,359732
2023-03-31,14460,27599,20578,2655,2698,4319,12490,14582,4320,6532,20206,57649,57903,29964,5650,39694,13529,25181,360009
2023-04-30,14456,27429,20576,2695,2663,4338,12458,14577,4342,6530,20299,57554,58309,29749,5638,39834,13613,25236,360296
2023-05-31,14452,27260,20574,2736,2628,4358,12426,14571,4364,6527,20392,57459,58718,29535,5627,39973,13697,25291,360588
2023-06-30,14448,27092,20572,2777,2594,4378,12394,14566,4386,6525,20486,57364,59130,29322,5616,40114,13782,25347,360893
2023-07-31,14444,26925,20570,2819,2560,4397,12362,14561,4408,6522,20580,57269,59544,29111,5605,40255,13867,25402,361201
2023-08-31,14440,26759,20568,2862,2527,4417,12330,14556,4430,6520,20674,57174,59962,28902,5594,40396,13953,25458,361522
2023-09-30,14436,26595,20566,2905,2494,4437,12299,14551,4453,6517,20769,57080,60382,28694,5583,40538,14039,25514,361852
2023-10-31,14431,26431,20564,2948,2461,4457,12267,14546,4476,6515,20864,56985,60805,28488,5572,40680,14126,25570,362186
2023-11-30,14427,26268,20562,2993,2429,4477,12236,14540,4498,6512,20960,56891,61232,28283,5561,40823,14213,25626,362531
2023-12-31,14423,26106,20560,3038,2397,4497,12204,14535,4521,6510,21056,56797,61661,28080,5551,40966,14301,25682,362885
2024-01-31,14419,25946,20558,3084,2366,4518,12173,14530,4544,6507,21153,56703,62093,27878,5540,41110,14390,25738,363250
2024-02-29,14415,25786,20556,3130,2335,4538,12142,14525,4567,6505,21250,56610,62528,27677,5529,41254,14479,25795,363621
2024-03-31,14411,25627,20554,3178,2305,4559,12110,14520,4590,6502,21347,56516,62967,27478,5518,41399,14568,25851,364000
2024-04-30,14407,25469,20552,3225,2274,4579,12079,14515,4614,6500,21445,56423,63408,27280,5507,41544,14659,25908,364388
2024-05-31,14403,25312,20550,3274,2245,4600,12048,14510,4637,6497,21544,56330,63853,27084,5496,41690,14749,25965,364787
2024-06-30,14399,25157,20549,3324,2216,4621,12017,14504,4661,6495,21643,56237,64300,26890,5485,41836,14840,26022,365196
2024-07-31,14394,25002,20547,3374,2187,4641,11987,14499,4684,6492,21742,56144,64751,26696,5475,41983,14932,26079,365609
2024-08-31,14390,24848,20545,3424,2158,4662,11956,14494,4708,6489,21842,56051,65205,26504,5464,42131,15025,26136,366032
2024-09-30,14386,24695,20543,3476,2130,4683,11925,14489,4732,6487,21942,55958,65662,26314,5453,42279,15118,26193,366465
2024-10-31,14382,24543,20541,3529,2102,4704,11895,14484,4756,6484,22042,55866,66123,26124,5443,42427,15211,26250,366906
2024-11-30,14378,24391,20539,3582,2075,4726,11864,14479,4780,6482,22144,55773,66586,25936,5432,42576,15305,26308,367356
2024-12-31,14374,24241,20537,3636,2048,4747,11834,14474,4804,6479,22245,55681,67053,25750,5421,42725,15400,26366,367815
2025-01-31,14370,24092,20535,3691,2021,4768,11803,14469,4829,6477,22347,55589,67523,25565,5411,42875,15495,26423,368283
2025-02-28,14366,23944,20533,3746,1994,4790,11773,14463,4853,6474,22450,55497,67997,25381,5400,43026,15591,26481,368759
2025-03-31,14362,23796,20531,3803,1968,4811,11743,14458,4878,6472,22553,55406,68473,25198,5389,43177,15688,26539,369245
2025-04-30,14357,23650,20529,3860,1943,4833,11713,14453,4902,6469,22656,55314,68953,25017,5379,43329,15785,26597,369739
2025-05-31,14353,23504,20527,3918,1917,4855,11683,14448,4927,6467,22760,55223,69437,24837,5368,43481,15882,26656,370243
2025-06-30,14349,23359,20525,3977,1892,4877,11653,14443,4952,6464,22865,55131,69924,24659,5358,43633,15980,26714,370755
2025-07-31,14345,23215,20523,4037,1868,4899,11623,14438,4977,6462,22970,55040,70414,24481,5347,43786,16079,26773,371277
2025-08-31,14341,23072,20521,4098,1843,4921,11593,14433,5003,6459,23075,54949,70908,24305,5337,43940,16179,26831,371808
2025-09-30,14337,22930,20519,4160,1819,4943,11563,14428,5028,6457,23181,54859,71405,24130,5326,44094,16279,26890,372348
2025-10-31,14333,22789,20518,4223,1795,4965,11534,14423,5054,6454,23287,54768,71905,23957,5316,44249,16380,26949,372899
2025-11-30,14329,22649,20516,4286,1772,4988,11504,14417,5079,6452,23394,54677,72409,23785,5305,44405,16481,27008,373456
2025-12-31,14325,22509,20514,4351,1749,5010,11474,14412,5105,6449,23502,54587,72917,23613,5295,44560,16583,27067,374022
